sample_number,temperature_c,status
1,20.4,OK
2,20.4,OK
3,20.4,OK
4,20.4,OK
5,20.4,OK
6,20.4,OK
7,20.4,OK
8,20.4,OK
9,20.4,OK
10,20.4,OK
11,20.4,OK
12,20.4,OK
13,20.4,OK
14,20.4,OK
15,20.4,OK
16,20.4,OK
17,20.4,OK
18,20.4,OK
19,20.4,OK
20,20.4,OK
21,20.4,OK
22,20.4,OK
23,20.4,OK
24,20.4,OK
25,20.4,OK
26,20.4,OK
27,20.4,OK
28,20.4,OK
29,20.4,OK
30,20.4,OK
31,20.4,OK
32,20.4,OK
33,20.4,OK
34,20.4,OK
35,20.4,OK
36,20.4,OK
37,20.4,OK
38,78.1,OUT_OF_RANGE
39,109.8,OUT_OF_RANGE
40,109.8,OUT_OF_RANGE
41,172.9,OUT_OF_RANGE
42,172.9,OUT_OF_RANGE
43,172.9,OUT_OF_RANGE
44,89.3,OUT_OF_RANGE
45,-8.5,MISSING
46,-16.8,MISSING
47,-16.8,MISSING
48,-16.8,MISSING
49,-16.8,MISSING
50,-26.5,MISSING
51,-30.9,MISSING
52,-30.9,MISSING
53,-32.9,MISSING
54,-32.9,MISSING
55,-15.8,MISSING
56,438.3,OUT_OF_RANGE
57,438.3,OUT_OF_RANGE
58,438.3,OUT_OF_RANGE
59,438.3,OUT_OF_RANGE
60,434.4,OUT_OF_RANGE
61,114.2,OUT_OF_RANGE
62,82.0,OUT_OF_RANGE
63,58.5,OUT_OF_RANGE
64,58.5,OUT_OF_RANGE
65,41.4,OK
66,41.4,OK
67,36.0,OK
68,18.4,OK
69,16.5,OK
70,13.0,OK
71,-1.1,MISSING
72,-4.1,MISSING
73,-4.1,MISSING
74,-2.6,MISSING
75,1.8,OK
76,1.8,OK
77,14.5,OK
78,24.8,OK
79,29.2,OK
80,41.4,OK
81,52.2,OUT_OF_RANGE
82,64.4,OUT_OF_RANGE
83,64.4,OUT_OF_RANGE
84,46.8,OK
85,46.8,OK
86,46.8,OK
87,41.4,OK
88,29.2,OK
89,24.8,OK
90,20.4,OK
91,20.4,OK
92,18.4,OK
93,9.6,OK
94,-2.6,MISSING
95,-2.6,MISSING
96,-2.6,MISSING
97,-2.6,MISSING
98,-2.6,MISSING
99,20.4,OK
100,20.4,OK
101,20.4,OK